id,name
1,iann dior
2,mgk
3,Travis Barker
4,Ryan Caraveo
5,Upchurch
6,Adam Calhoun
7,American Avenue
8,Hippie Sabotage
9,Louis Capone
10,Logic
11,Marshmello
12,Bad Wolves
13,Post Malone
14,Ozzy Osbourne
15,Travis Scott
16,FRP OG
17,Joyner Lucas
18,Hatebreed
19,Blink-182
20,Eminem
21,X Ambassadors
22,Jamie N Commons
23,None Like Joshua
24,Fall Out Boy
25,Kai Wachi
26,Sullivan King
27,Papa Roach
28,Celtic Woman
29,Juice WRLD
30,Five Finger Death Punch
31,Richard Armitage
32,The Dwarf Cast
33,Jelly Roll
34,Cub da CookUpBoss
35,Ramirez
36,I Prevail
37,Kendrick Lamar
38,Two Feet
39,blackbear
40,Brothers of Metal
41,Sonya Belousova
42,Giona Ostinelli
43,Joey Batey
44,J. Cole
45,YUNGBLUD
46,Rockit Music
47,Rockit
48,Macntaj
49,Sarah Hester Ross
50,Mac Miller
51,A War Within
52,NF
53,Sik World
54,CORPSE
55,Ylti
56,A Day To Remember
57,Savage Ga$p
58,Classified
59,AS IT IS
60,Cryptic Wisdom
61,Yasuharu Takanashi
62,The HU
63,Jacoby Shaddix
64,Chris Webby
65,Skrizzly Adams
66,Avicii
67,DaBaby
68,Code: Pandorum
69,Bazanji
70,Halsey
71,Khalid
72,Dinosaur Pile-Up
73,Andy Mineo
74,$uicideboy$
75,Pouya
76,Tommy Cash
77,jxdn
78,Ghostmane
79,Kamiyada+
80,Hopsin
81,Dax
82,Shakewell
83,Jeris Johnson
84,Ricky Desktop
85,Token
86,Tech N9ne
87,Will Smith
88,Our Last Night
89,OmenXIII
90,Jack Harlow
91,Tory Lanez
92,Lil Wayne
93,All Time Low
94,Night Lovell
95,X Amnassadors
96,Jaime N Commons
97,YUI
98,Shayne Orok
99,TK from Ling tosite sigure
100,Lil Darkie
101,Parv0
102,Fukkit
103,Dutchman
104,Caleb Hyles
105,FamilyJules
106,A$AP Rocky
107,Rod Stewart
108,Miguel
109,Mark Ronson
110,Ikimonogakari
111,Getter
112,LiSA
113,Erick the Architect
114,Bliss n Eso
115,Watsky
116,Roddy Ricch
117,Jasiah
118,Denzel Curry
119,Rico Nasty
120,Lindasson
121,FTG Reggie
122,Rage Against The Machine
123,iamjakehill
124,Poor Man's Poison
125,AJR
126,Pharmacist
127,Corey Taylor
128,GreatDaeg
129,ZillaKami
130,Lil Uzi Vert
131,FJ Outlaw
132,Imagine Dragons
133,JID
134,Arcane
135,League of Legends
136,Josh A
137,GRiZ
138,Subtronics
139,Theory of a Deadman
140,Peyton Parrish
141,Dbangz
142,JT Music
143,Andrea Storm Kaden
144,Everlast
145,Slipknot
146,Patty Gurdy
147,Peter Hollens
148,Bailey Pelkman
149,Falconshield
150,Stephanos Rex
151,Riot Draggles
152,Joey
153,Sp4zie
154,Sky Williams
155,Satan
156,Three Days Grace
157,Machine Head
158,Highly Suspect
159,J.T. Machinima
160,Teamheadkick
161,Gang of Youths
162,SXMPRA
163,Ski Mask The Slump God
164,Pureojuice
165,Ydee
166,G!LS
167,Freddie Dread
168,Marian Hill
169,KYLE
170,Lil Yachty
171,David Kushner
172,Skrillex
173,Swae Lee
174,Siiickbrain
175,Lil Revive
176,Kina
177,Snøw
178,Polyphia
179,Ruth B.
180,Cal Scruby
181,Yuki Hayashi
182,Dear Wormwood
183,Bring Me the Horizon
184,Celtic Women
185,KhanTrast
186,NATI.
187,Cullen Vance
188,Jonny Stewart
189,Keala Settler
190,The Greatest Showmen Ensemble
191,Bad Omens
192,Scarlxrd
193,HAARPER
194,Bebe Rexha
195,honestav
196,Z
197,Richard Fairlie
198,ChrispyD
199,Hairitage
200,Rico Act
201,Memphis Cult
202,Groove Dealers
203,SPLYXER
204,Lukas Graham
205,MOD SUN
206,Stephen
207,Bring Me The Horizon
208,C418
209,Richy Mitch & The Coal Miners
210,RŮDE
211,Flobots
212,Ludovico Einaudi
213,Daniel Hope
214,I Virtuosi Italiani
215,ODESZA
216,Benson Boone
217,Confetti
218,The Cinematic Orchestra
219,Patrick Watson
220,Gustavo Santaolalla
221,Øneheart
222,reidenshi
223,Paramore
